date,tree,line,Tref,CO2,photosynthesis ,conductance,Ci,CPS,Standard curve equation ,mmol iso_umol_air ,iso_mmol_sec, Iso_mol_pm2_psec
5/26/2014,D2,49-177,25,400,10.45,0.111,216,3920,12.8941,5.01E-06,0.002506006,4.176677098
5/26/2014,D2,49-177,25,300,8.1,0.117,164,4050,13.4011,5.21E-06,0.002604543,4.340905333
5/26/2014,D2,49-177,25,200,5.1,0.132,121,4120,13.6741,5.32E-06,0.002657602,4.429335922
5/26/2014,D2,49-177,25,100,1.65,0.149,75,4000,13.2061,5.13E-06,0.002566644,4.277740627
5/26/2014,D2,49-177,25,50,-0.05,0.168,51,3500,11.2561,4.38E-06,0.002187656,3.646093569
5/26/2014,D2,49-177,25,400,11.5,0.152,244,4000,13.2061,5.13E-06,0.002566644,4.277740627
5/26/2014,D2,49-177,25,600,16.6,0.137,354,3900,12.8161,4.98E-06,0.002490847,4.151411216
5/26/2014,D2,49-177,25,800,19.8,0.123,476,3450,11.0611,4.30E-06,0.002149757,3.582928863
5/26/2014,D2,49-177,25,1000,21.5,0.12,634,2850,8.7211,3.39E-06,0.001694971,2.824952392
5/26/2014,D2,49-177,25,1200,22,0.118,812,2330,6.6931,2.60E-06,0.001300824,2.168039451
5/26/2014,D2,49-177,35,400,15.4,0.132,164,8250,29.7811,1.16E-05,0.005788044,9.646740627
5/26/2014,D2,49-177,35,300,7.3,0.15,190,8200,29.5861,1.15E-05,0.005750146,9.583575922
5/26/2014,D2,49-177,35,200,3.95,0.17,141,8050,29.0011,1.13E-05,0.005636449,9.394081804
5/26/2014,D2,49-177,35,100,0.43,0.192,87.9,6750,23.9311,9.30E-06,0.00465108,7.751799451
5/26/2014,D2,49-177,35,50,-1.15,0.197,58.2,5200,17.8861,6.95E-06,0.003476216,5.793693569
5/26/2014,D2,49-177,35,400,10.9,0.17,253,7950,28.6111,1.11E-05,0.005560651,9.267752392
5/26/2014,D2,49-177,35,600,16.5,0.157,361,8000,28.8061,1.12E-05,0.00559855,9.330917098
5/26/2014,D2,49-177,35,800,21.1,0.142,469,7550,27.0511,1.05E-05,0.005257461,8.762434745
5/26/2014,D2,49-177,35,1000,23.5,0.129,599,6450,22.7611,8.85E-06,0.004423687,7.372811216
5/26/2014,D2,49-177,35,1200,24.5,0.114,733,5580,19.3681,7.53E-06,0.003764247,6.273745333
6/1/2014,B13,50-194,25,400,7.35,0.0613,180,7450,30.5727,1.19E-05,0.005941894,9.903156941
6/1/2014,B13,50-194,25,300,5.6,0.0673,145,7680,31.5157,1.23E-05,0.006125169,10.20861498
6/1/2014,B13,50-194,25,200,3.7,0.078,109,7625,31.2902,1.22E-05,0.006081342,10.13557067
6/1/2014,B13,50-194,25,100,1.1,0.109,77.5,7000,28.7277,1.12E-05,0.005583313,9.305521647
6/1/2014,B13,50-194,25,50,-0.5,0.145,53.5,5625,23.0902,8.98E-06,0.004487648,7.479413804
6/1/2014,B13,50-194,25,400,12.9,0.16,234,7200,29.5477,1.15E-05,0.005742682,9.571137333
6/1/2014,B13,50-194,25,600,18.3,0.128,320,7400,30.3677,1.18E-05,0.005902052,9.83675302
6/1/2014,B13,50-194,25,800,22.5,0.124,438,6300,25.8577,1.01E-05,0.00502552,8.375866745
6/1/2014,B13,50-194,25,1000,24.3,0.115,581,5020,20.6097,8.01E-06,0.004005556,6.675926353
6/1/2014,B13,50-194,25,1200,24.8,0.107,738,4050,16.6327,6.47E-06,0.003232614,5.387690275
6/1/2014,B13,50-194,35,400,10.8,0.127,224,11650,47.7927,1.86E-05,0.009288652,15.48108635
6/1/2014,B13,50-194,35,300,8.14,0.15,182,11650,47.7927,1.86E-05,0.009288652,15.48108635
6/1/2014,B13,50-194,35,200,4.95,0.189,138,12800,52.5077,2.04E-05,0.010205026,17.00837655
6/1/2014,B13,50-194,35,100,0.715,0.212,87,11450,46.9727,1.83E-05,0.009129282,15.21547067
6/1/2014,B13,50-194,35,50,-1.2,0.222,58,9650,39.5927,1.54E-05,0.007694958,12.82492949
6/1/2014,B13,50-194,35,400,13.3,0.199,249,12959,53.1596,2.07E-05,0.010331725,17.21954102
6/1/2014,B13,50-194,35,600,19,0.169,355,12150,49.8427,1.94E-05,0.009687075,16.14512557
6/1/2014,B13,50-194,35,800,22.8,0.143,464,11100,45.5377,1.77E-05,0.008850386,14.75064322
6/1/2014,B13,50-194,35,1000,23.9,0.104,540,10550,43.2827,1.68E-05,0.00841212,14.02020008
6/1/2014,B13,50-194,35,1200,22.6,0.083,661,9100,37.3377,1.45E-05,0.007256692,12.09448635
6/2/2014,E18,180-372,25,400,8.7,0.13,261,8100,29.9245,1.16E-05,0.005815915,9.69319098
6/2/2014,E18,180-372,25,300,13.5,0.386,209,6800,24.9845,9.71E-06,0.004855811,8.093018431
6/2/2014,E18,180-372,25,200,8.5,0.449,148,7400,27.2645,1.06E-05,0.005298936,8.831559608
6/2/2014,E18,180-372,25,100,2.4,0.505,84.6,7300,26.8845,1.05E-05,0.005225082,8.708469412
6/2/2014,E18,180-372,25,50,-0.88,0.535,51.1,6500,23.8445,9.27E-06,0.004634249,7.723747843
6/2/2014,E18,180-372,25,400,18.5,0.346,269,7250,26.6945,1.04E-05,0.005188155,8.646924314
6/2/2014,E18,180-372,25,600,26.2,0.308,395,6800,24.9845,9.71E-06,0.004855811,8.093018431
6/2/2014,E18,180-372,25,800,31.3,0.263,526,6250,22.8945,8.90E-06,0.004449613,7.416022353
6/2/2014,E18,180-372,25,1000,34.4,0.23,663,6000,21.9445,8.53E-06,0.004264978,7.108296863
6/2/2014,E18,180-372,25,1200,36.5,0.206,803,5425,19.7595,7.68E-06,0.003840317,6.400528235
6/2/2014,E18,180-372,35,400,12.4,0.22,265,14400,53.8645,2.09E-05,0.010468724,17.44787333
6/2/2014,E18,180-372,35,300,10,0.289,209,12950,48.3545,1.88E-05,0.009397839,15.66306549
6/2/2014,E18,180-372,35,200,4.95,0.255,147,13150,49.1145,1.91E-05,0.009545548,15.90924588
6/2/2014,E18,180-372,35,100,0.61,0.318,90.3,11450,42.6545,1.66E-05,0.008290028,13.81671255
6/2/2014,E18,180-372,35,50,-1.61,0.333,57.3,10000,37.1445,1.44E-05,0.007219143,12.03190471
6/2/2014,E18,180-372,35,400,9.2,0.139,255,14850,55.5745,2.16E-05,0.010801068,18.00177922
6/2/2014,E18,180-372,35,600,15,0.141,370,14875,55.6695,2.16E-05,0.010819531,18.03255176
6/2/2014,E18,180-372,35,800,18,0.117,480,14850,55.5745,2.16E-05,0.010801068,18.00177922
6/2/2014,E18,180-372,35,1000,21.6,0.11,591,14850,55.5745,2.16E-05,0.010801068,18.00177922
6/2/2014,E18,180-372,35,1200,25.4,0.109,715,14150,52.9145,2.06E-05,0.010284089,17.14014784
6/3/2014,I15,50-194,25,400,20.6,0.274,232,9550,32.7353,1.27E-05,0.006362202,10.60366973
6/3/2014,I15,50-194,25,300,15.9,0.346,189,9600,32.9153,1.28E-05,0.006397185,10.66197561
6/3/2014,I15,50-194,25,200,9.7,0.358,133,9800,33.6353,1.31E-05,0.006537119,10.89519914
6/3/2014,I15,50-194,25,100,2.53,0.341,79.7,10000,34.3553,1.34E-05,0.006677054,11.12842267
6/3/2014,I15,50-194,25,50,-0.82,0.353,52.4,8175,27.7853,1.08E-05,0.005400155,9.000257961
6/3/2014,I15,50-194,25,400,21.1,0.325,246,9250,31.6553,1.23E-05,0.006152301,10.25383443
6/3/2014,I15,50-194,25,600,28,0.242,345,8625,29.4053,1.14E-05,0.005715007,9.525010902
6/3/2014,I15,50-194,25,800,32,0.225,485,6800,22.8353,8.88E-06,0.004438108,7.396846196
6/3/2014,I15,50-194,25,1000,33.7,0.206,639,5300,17.4353,6.78E-06,0.003388602,5.647669725
6/3/2014,I15,50-194,25,1200,33.8,0.178,788,4550,14.7353,5.73E-06,0.002863849,4.77308149
6/3/2014,I15,50-194,35,400,17.2,0.238,233,16550,57.9353,2.25E-05,0.011259896,18.76649325
6/3/2014,I15,50-194,35,300,13.2,0.301,190,16800,58.8353,2.29E-05,0.011434814,19.05802267
6/3/2014,I15,50-194,35,200,7.6,0.357,140,17150,60.0953,2.34E-05,0.011679698,19.46616384
6/3/2014,I15,50-194,35,100,1.4,0.388,86.1,16600,58.1153,2.26E-05,0.011294879,18.82479914
6/3/2014,I15,50-194,35,50,-1.6,0.363,55.8,12550,43.5353,1.69E-05,0.008461214,14.10202267
6/3/2014,I15,50-194,35,400,17.3,0.236,231,17100,59.9153,2.33E-05,0.011644715,19.40785796
6/3/2014,I15,50-194,35,600,24,0.18,314,16650,58.2953,2.27E-05,0.011329863,18.88310502
6/3/2014,I15,50-194,35,800,27.3,0.131,376,16550,57.9353,2.25E-05,0.011259896,18.76649325
6/3/2014,I15,50-194,35,1000,31,0.115,460,15250,53.2553,2.07E-05,0.010350324,17.25054031
6/3/2014,I15,50-194,35,1200,33.3,0.101,551,14000,48.7553,1.90E-05,0.009475736,15.79289325
6/4/2014,G10,180-372,25,400,8.5,0.134,268,8780,32.0645,1.25E-05,0.00623183,10.38638314
6/4/2014,G10,180-372,25,300,6.6,0.137,201,8950,32.6765,1.27E-05,0.006350774,10.58462314
6/4/2014,G10,180-372,25,200,4.58,0.178,143,8975,32.7665,1.27E-05,0.006368266,10.61377608
6/4/2014,G10,180-372,25,100,1.4,0.231,84.4,8800,32.1365,1.25E-05,0.006245823,10.40970549
6/4/2014,G10,180-372,25,50,-0.73,0.26,53.4,8000,29.2565,1.14E-05,0.005686087,9.476811373
6/4/2014,G10,180-372,25,400,10.1,0.143,256,10000,36.4565,1.42E-05,0.007085428,11.80904667
6/4/2014,G10,180-372,25,600,17.8,0.165,375,9420,34.3685,1.34E-05,0.006679619,11.13269843
6/4/2014,G10,180-372,25,800,22.4,0.157,503,8560,31.2725,1.22E-05,0.006077902,10.12983725
6/4/2014,G10,180-372,25,1000,23.8,0.124,614,8750,31.9565,1.24E-05,0.00621084,10.35139961
6/4/2014,G10,180-372,25,1200,27.1,0.123,753,7800,28.5365,1.11E-05,0.005546153,9.243587843
6/4/2014,G10,180-372,35,400,10.4,0.169,260,15650,56.7965,2.21E-05,0.011038567,18.39761137
6/4/2014,G10,180-372,35,300,7.8,0.175,198,15550,56.4365,2.19E-05,0.0109686,18.28099961
6/4/2014,G10,180-372,35,200,4.54,0.195,144,15050,54.6365,2.12E-05,0.010618764,17.69794078
6/4/2014,G10,180-372,35,100,0.667,0.248,88.7,13850,50.3165,1.96E-05,0.00977916,16.29859961
6/4/2014,G10,180-372,35,50,-1.42,0.256,58,12200,44.3765,1.72E-05,0.008624703,14.37450549
6/4/2014,G10,180-372,35,400,8.93,0.125,251,16000,58.0565,2.26E-05,0.011283452,18.80575255
6/4/2014,G10,180-372,35,600,12.8,0.109,358,15900,57.6965,2.24E-05,0.011213484,18.68914078
6/4/2014,G10,180-372,35,800,16,0.0986,471,15500,56.2565,2.19E-05,0.010933616,18.22269373
6/4/2014,G10,180-372,35,1000,17.5,0.087,598,15300,55.5365,2.16E-05,0.010793682,17.9894702
6/4/2014,G10,180-372,35,1200,18.5,0.078,728,15100,54.8165,2.13E-05,0.010653748,17.75624667
6/5/2014,F4,49-177,25,400,16.6,0.17,201,9075,33.2788,1.29E-05,0.006467833,10.7797211
6/5/2014,F4,49-177,25,300,12,0.178,159,9600,35.2213,1.37E-05,0.006845363,11.40893875
6/5/2014,F4,49-177,25,200,7.9,0.22,121,9500,34.8513,1.35E-05,0.006773453,11.28908776
6/5/2014,F4,49-177,25,100,2.4,0.262,77.3,9050,33.1863,1.29E-05,0.006449855,10.74975835
6/5/2014,F4,49-177,25,50,-0.6,0.275,52.5,7425,27.1738,1.06E-05,0.005281308,8.802179922
6/5/2014,F4,49-177,25,400,19.3,0.24,223,9350,34.2963,1.33E-05,0.006665587,11.10931129
6/5/2014,F4,49-177,25,600,27.8,0.242,343,8225,30.1338,1.17E-05,0.005856593,9.760987765
6/5/2014,F4,49-177,25,800,31.8,0.232,489,6200,22.6413,8.80E-06,0.004400403,7.334005412
6/5/2014,F4,49-177,25,1000,33,0.197,629,5600,20.4213,7.94E-06,0.00396894,6.614899529
6/5/2014,F4,49-177,25,1200,33.1,0.185,802,4380,15.9073,6.18E-06,0.003091631,5.152717569
6/5/2014,F4,49-177,35,400,16.7,0.214,222,16700,61.4913,2.39E-05,0.011951015,19.91835835
6/5/2014,F4,49-177,35,300,12.7,0.25,179,16550,60.9363,2.37E-05,0.011843149,19.73858188
6/5/2014,F4,49-177,35,200,7.3,0.282,134,16100,59.2713,2.30E-05,0.011519551,19.19925247
6/5/2014,F4,49-177,35,100,1.17,0.275,83.6,15050,55.3863,2.15E-05,0.01076449,17.94081718
6/5/2014,F4,49-177,35,50,-1.5,0.272,57,11725,43.0838,1.67E-05,0.008373463,13.95577208
6/5/2014,F4,49-177,35,400,16.1,0.201,220,18650,68.7063,2.67E-05,0.013353271,22.25545247
6/5/2014,F4,49-177,35,600,23.4,0.173,310,16250,59.8263,2.33E-05,0.011627417,19.37902894
6/5/2014,F4,49-177,35,800,28.5,0.146,391,17350,63.8963,2.48E-05,0.012418434,20.69738973
6/5/2014,F4,49-177,35,1000,29.6,0.108,452,17450,64.2663,2.50E-05,0.012490344,20.81724071
6/5/2014,F4,49-177,35,1200,31.6,0.0907,526,16550,60.9363,2.37E-05,0.011843149,19.73858188
6/6/2014,B1,180-372,25,400,15.2,0.229,256,6650,27.8509,1.08E-05,0.005412904,9.021507216
6/6/2014,B1,180-372,25,300,11.2,0.24,197,7080,29.5709,1.15E-05,0.005747191,9.578652314
6/6/2014,B1,180-372,25,200,7,0.278,142,7320,30.5309,1.19E-05,0.00593377,9.88961702
6/6/2014,B1,180-372,25,100,1.95,0.324,84.1,7100,29.6509,1.15E-05,0.00576274,9.604566039
6/6/2014,B1,180-372,25,50,-0.7,0.313,52.2,6220,26.1309,1.02E-05,0.005078617,8.464362118
6/6/2014,B1,180-372,25,400,11.6,0.146,240,8950,37.0509,1.44E-05,0.007200951,12.00158565
6/6/2014,B1,180-372,25,600,17.6,0.14,350,8680,35.9709,1.40E-05,0.00699105,11.65175035
6/6/2014,B1,180-372,25,800,19.7,0.112,455,8900,36.8509,1.43E-05,0.007162081,11.93680133
6/6/2014,B1,180-372,25,1000,23,0.105,566,8575,35.5509,1.38E-05,0.006909422,11.51570329
6/6/2014,B1,180-372,25,1200,24.5,0.0923,685,8550,35.4509,1.38E-05,0.006889987,11.48331114
6/6/2014,B1,180-372,35,400,4.14,0.066,264,14300,58.4509,2.27E-05,0.011360104,18.93350722
6/6/2014,B1,180-372,35,300,3.25,0.0738,202,13700,56.0509,2.18E-05,0.010893657,18.15609545
6/6/2014,B1,180-372,35,200,1.67,0.075,148,13150,53.8509,2.09E-05,0.010466081,17.443468
6/6/2014,B1,180-372,35,100,0.09,0.0869,91.2,12150,49.8509,1.94E-05,0.009688669,16.14778173
6/6/2014,B1,180-372,35,50,-0.95,0.105,60.1,11025,45.3509,1.76E-05,0.008814081,14.69013467
6/6/2014,B1,180-372,35,400,5.1,0.0692,258,14250,58.2509,2.26E-05,0.011321234,18.8687229
6/6/2014,B1,180-372,35,600,8.4,0.0714,360,14600,59.6509,2.32E-05,0.011593328,19.3222131
6/6/2014,B1,180-372,35,800,12,0.0727,466,15025,61.3509,2.38E-05,0.011923728,19.87287976
6/6/2014,B1,180-372,35,1000,15.2,0.0726,577,14525,59.3509,2.31E-05,0.011535022,19.22503663
6/6/2014,B1,180-372,35,1200,19.2,0.0763,689,14050,57.4509,2.23E-05,0.011165751,18.60958565
6/8/2014,B19,49-177,25,400,7.1,0.0538,165,4300,19.8287,7.71E-06,0.003853766,6.422943608
6/8/2014,B19,49-177,25,300,5.75,0.0646,136,4460,20.5167,7.97E-06,0.003987481,6.645801647
6/8/2014,B19,49-177,25,200,3.8,0.077,106,4400,20.2587,7.87E-06,0.003937338,6.562229882
6/8/2014,B19,49-177,25,100,1.38,0.0964,71.3,4180,19.3127,7.51E-06,0.00375348,6.255800078
6/8/2014,B19,49-177,25,50,-0.2,0.107,50.2,4050,18.7537,7.29E-06,0.003644837,6.074727922
6/8/2014,B19,49-177,25,400,11.9,0.118,204,4680,21.4627,8.34E-06,0.004171339,6.952231451
6/8/2014,B19,49-177,25,600,17.6,0.108,290,4700,21.5487,8.38E-06,0.004188053,6.980088706
6/8/2014,B19,49-177,25,800,22.8,0.105,387,4725,21.6562,8.42E-06,0.004208946,7.014910275
6/8/2014,B19,49-177,25,1000,26.1,0.106,525,3780,17.5927,6.84E-06,0.003419193,5.69865498
6/8/2014,B19,49-177,25,1200,27.1,0.106,700,2840,13.5507,5.27E-06,0.002633618,4.389364
6/8/2014,B19,49-177,35,400,10.6,0.119,213,11050,48.8537,1.90E-05,0.00949486,15.82476714
6/8/2014,B19,49-177,35,300,8.3,0.157,182,10550,46.7037,1.82E-05,0.009077001,15.12833576
6/8/2014,B19,49-177,35,200,4.7,0.179,135,10300,45.6287,1.77E-05,0.008868072,14.78012008
6/8/2014,B19,49-177,35,100,0.57,0.207,86,9475,42.0812,1.64E-05,0.008178605,13.63100831
6/8/2014,B19,49-177,35,50,-1.2,0.223,56,7350,32.9437,1.28E-05,0.006402705,10.67117498
6/8/2014,B19,49-177,35,400,13.2,0.195,245,11350,50.1437,1.95E-05,0.009745576,16.24262596
6/8/2014,B19,49-177,35,600,20,0.179,350,10950,48.4237,1.88E-05,0.009411289,15.68548086
6/8/2014,B19,49-177,35,800,24.2,443,443,10600,46.9187,1.82E-05,0.009118787,15.1979789
6/8/2014,B19,49-177,35,1000,24.3,470,470,11000,48.6387,1.89E-05,0.009453074,15.755124
6/8/2014,B19,49-177,35,1200,23.3,486,486,11050,48.8537,1.90E-05,0.00949486,15.82476714
6/13/2014,H4,180-372,25,400,14.3,0.188,242,4060,17.7419,6.90E-06,0.00344819,5.746984078
6/13/2014,H4,180-372,25,300,11.8,0.24,193,4160,18.2319,7.09E-06,0.003543423,5.905705647
6/13/2014,H4,180-372,25,200,8,0.296,136,4420,19.5059,7.58E-06,0.003791029,6.318381725
6/13/2014,H4,180-372,25,100,2.5,0.308,77.4,4450,19.6529,7.64E-06,0.003819599,6.365998196
6/13/2014,H4,180-372,25,50,-0.1,0.36,49.5,4050,17.6929,6.88E-06,0.003438667,5.731111922
6/13/2014,H4,180-372,25,400,13.9,0.184,245,4280,18.8199,7.32E-06,0.003657703,6.096171529
6/13/2014,H4,180-372,25,600,19.9,0.196,385,3880,16.8599,6.55E-06,0.003276771,5.461285255
6/13/2014,H4,180-372,25,800,21.4,0.151,512,3220,13.6259,5.30E-06,0.002648234,4.413722902
6/13/2014,H4,180-372,25,1000,22,0.125,647,2820,11.6659,4.53E-06,0.002267302,3.778836627
6/13/2014,H4,180-372,25,1200,22.7,0.118,811,2410,9.6569,3.75E-06,0.001876847,3.128078196
6/13/2014,H4,180-372,35,400,9.4,0.124,235,10125,47.4604,1.84E-05,0.009224068,15.37344722
6/13/2014,H4,180-372,35,300,6.5,0.125,184,10225,47.9504,1.86E-05,0.009319301,15.53216878
6/13/2014,H4,180-372,35,200,3.8,0.124,132,10100,47.3379,1.84E-05,0.00920026,15.33376682
6/13/2014,H4,180-372,35,100,0.4,0.157,85,9775,45.7454,1.78E-05,0.008890753,14.81792173
6/13/2014,H4,180-372,35,50,-1.1,0.171,58,8750,40.7229,1.58E-05,0.007914615,13.19102565
6/13/2014,H4,180-372,35,400,7.6,0.0893,228,10975,51.6254,2.01E-05,0.010033548,16.72258055
6/13/2014,H4,180-372,35,600,12,0.09,328,11150,52.4829,2.04E-05,0.010200206,17.00034329
6/13/2014,H4,180-372,35,800,13.6,0.0726,426,11250,52.9729,2.06E-05,0.010295439,17.15906486
6/13/2014,H4,180-372,35,1000,16,0.0665,523,10825,50.8904,1.98E-05,0.009890699,16.4844982
6/13/2014,H4,180-372,35,1200,17.1,0.0612,648,,-2.1521,-8.37E-07,-0.000418267,-0.697111608
6/21/2014,D8,49-177,25,400,23.4,0.394,255,5925,26.346,1.02E-05,0.005120423,8.534037647
6/21/2014,D8,49-177,25,300,16.8,0.353,187,6525,29.226,1.14E-05,0.005680159,9.466931765
6/21/2014,D8,49-177,25,200,10.5,0.374,132,7425,33.546,1.30E-05,0.006519764,10.86627294
6/21/2014,D8,49-177,25,100,3.4,0.404,78.3,8300,37.746,1.47E-05,0.007336046,12.22674353
6/21/2014,D8,49-177,25,50,0.05,0.428,48.5,7750,35.106,1.36E-05,0.006822954,11.37159059
6/21/2014,D8,49-177,25,400,22,0.412,266,7320,33.042,1.28E-05,0.00642181,10.70301647
6/21/2014,D8,49-177,25,600,27.5,0.385,424,5700,25.266,9.82E-06,0.004910521,8.184202353
6/21/2014,D8,49-177,25,800,28.7,0.354,600,4425,19.146,7.44E-06,0.003721081,6.201802353
6/21/2014,D8,49-177,25,1000,28.5,0.332,787,3575,15.066,5.86E-06,0.002928121,4.880202353
6/21/2014,D8,49-177,25,1200,27.7,0.311,976,3190,13.218,5.14E-06,0.002568957,4.281595294
6/21/2014,D8,49-177,35,400,19.2,0.273,231,16525,77.226,3.00E-05,0.0150091,25.01516706
6/21/2014,D8,49-177,35,300,14.6,0.284,179,17125,80.106,3.11E-05,0.015568837,25.94806118
6/21/2014,D8,49-177,35,200,8.3,0.294,130,17400,81.426,3.17E-05,0.015825383,26.37563765
6/21/2014,D8,49-177,35,100,1.6,0.305,81.5,16050,74.946,2.91E-05,0.014565976,24.27662588
6/21/2014,D8,49-177,35,50,-1.3,0.298,56.5,14350,66.786,2.60E-05,0.012980056,21.63342588
6/21/2014,D8,49-177,35,400,19,0.261,229,16000,74.706,2.90E-05,0.014519331,24.19888471
6/21/2014,D8,49-177,35,600,26.7,0.229,337,14450,67.266,2.61E-05,0.013073345,21.78890824
6/21/2014,D8,49-177,35,800,30.7,0.196,454,12450,57.666,2.24E-05,0.011207557,18.67926118
6/21/2014,D8,49-177,35,1000,31,0.125,499,12550,58.146,2.26E-05,0.011300846,18.83474353
6/21/2014,D8,49-177,35,1200,31.5,0.089,520,1330,4.29,1.67E-06,0.000833774,1.389623529
6/25/2014,D12,180-372,25,400,5,0.094,290,3860,18.0637,7.02E-06,0.003510733,5.851222039
6/25/2014,D12,180-372,25,300,9.1,0.213,206,4060,19.0437,7.40E-06,0.003701199,6.168665176
6/25/2014,D12,180-372,25,200,5.6,0.21,142,4200,19.7297,7.67E-06,0.003834525,6.390875373
6/25/2014,D12,180-372,25,100,2.5,0.355,NA,4120,19.3377,7.52E-06,0.003758339,6.263898118
6/25/2014,D12,180-372,25,50,-0.2,0.356,49.3,3950,18.5047,7.19E-06,0.003596443,5.994071451
6/25/2014,D12,180-372,25,400,17.6,0.35,277,4080,19.1417,7.44E-06,0.003720246,6.20040949
6/25/2014,D12,180-372,25,600,21.8,0.258,4.9,3900,18.2597,7.10E-06,0.003548826,5.914710667
6/25/2014,D12,180-372,25,800,25.9,0.24,558,3450,16.0547,6.24E-06,0.003120278,5.200463608
6/25/2014,D12,180-372,25,1000,28.1,0.229,725,2850,13.1147,5.10E-06,0.002548881,4.248134196
6/25/2014,D12,180-372,25,1200,29,0.213,897,2650,12.1347,4.72E-06,0.002358415,3.930691059
6/25/2014,D12,180-372,35,400,13.3,0.221,256,12525,60.5222,2.35E-05,0.011762668,19.60444596
6/25/2014,D12,180-372,35,300,9,0.211,200,12850,62.1147,2.41E-05,0.012072175,20.12029106
6/25/2014,D12,180-372,35,200,5.3,0.211,138,12350,59.6647,2.32E-05,0.01159601,19.32668322
6/25/2014,D12,180-372,35,100,0.6,0.261,87.4,11500,55.4997,2.16E-05,0.01078653,17.97754988
6/25/2014,D12,180-372,35,50,-1.4,0.28,57.3,10300,49.6197,1.93E-05,0.009643735,16.07289106
6/25/2014,D12,180-372,35,400,9.3,0.141,255,13100,63.3397,2.46E-05,0.012310257,20.51709498
6/25/2014,D12,180-372,35,600,14.6,0.138,371,12750,61.6247,2.40E-05,0.011976942,19.96156949
6/25/2014,D12,180-372,35,800,18.5,0.125,487,12350,59.6647,2.32E-05,0.01159601,19.32668322
6/25/2014,D12,180-372,35,1000,21.8,0.116,608,12000,57.9497,2.25E-05,0.011262695,18.77115773
6/25/2014,D12,180-372,35,1200,24.4,0.11,738,11725,56.6022,2.20E-05,0.011000804,18.33467341
6/26/2014,F13,49-177,25,400,17.3,0.234,242,3950,18.4605,7.18E-06,0.003587852,5.979754118
6/26/2014,F13,49-177,25,300,13,0.254,188,4120,19.3105,7.51E-06,0.003753052,6.255087451
6/26/2014,F13,49-177,25,200,8.4,0.298,135,4380,20.6105,8.01E-06,0.004005711,6.67618549
6/26/2014,F13,49-177,25,100,2.8,0.345,78.8,4380,20.6105,8.01E-06,0.004005711,6.67618549
6/26/2014,F13,49-177,25,50,-0.1,0.393,48.9,3850,17.9605,6.98E-06,0.003490676,5.817793333
6/26/2014,F13,49-177,25,400,19.7,0.399,277,3850,17.9605,6.98E-06,0.003490676,5.817793333
6/26/2014,F13,49-177,25,600,24.8,0.34,425,2980,13.6105,5.29E-06,0.002645241,4.40873451
6/26/2014,F13,49-177,25,800,25.9,0.284,588,2270,10.0605,3.91E-06,0.001955288,3.258812941
6/26/2014,F13,49-177,25,1000,25.7,0.267,772,1820,7.8105,3.04E-06,0.001517994,2.529989412
6/26/2014,F13,49-177,25,1200,24.8,0.25,964,1640,6.9105,2.69E-06,0.001343076,2.23846
6/26/2014,F13,49-177,35,400,17,0.311,260,13100,64.2105,2.50E-05,0.0124795,20.79916588
6/26/2014,F13,49-177,35,300,11.9,0.297,200,13700,67.2105,2.61E-05,0.013062558,21.77093059
6/26/2014,F13,49-177,35,200,6.5,0.283,139,12975,63.5855,2.47E-05,0.012358029,20.5967149
6/26/2014,F13,49-177,35,100,1.1,0.305,85.3,12300,60.2105,2.34E-05,0.011702088,19.50347961
6/26/2014,F13,49-177,35,50,-1.2,0.289,55.3,10075,49.0855,1.91E-05,0.009539911,15.89985216
6/26/2014,F13,49-177,35,400,15.8,0.226,240,12900,63.2105,2.46E-05,0.012285147,20.47524431
6/26/2014,F13,49-177,35,600,20.9,0.163,327,12050,58.9605,2.29E-05,0.011459147,19.09857765
6/26/2014,F13,49-177,35,800,22.5,0.106,382,12200,59.7105,2.32E-05,0.011604911,19.34151882
6/26/2014,F13,49-177,35,1000,25,0.09,462,11700,57.2105,2.22E-05,0.011119029,18.5317149
6/26/2014,F13,49-177,35,1200,27.1,0.079,545,10975,53.5855,2.08E-05,0.0104145,17.35749922
7/12/2014,H17,49-177,25,400,20.4,0.388,260,3640,11.5057,4.47E-06,0.002236167,3.726944392
7/12/2014,H17,49-177,25,300,15.7,0.37,200,3950,12.8077,4.98E-06,0.002489214,4.148690275
7/12/2014,H17,49-177,25,200,9.7,0.397,140,4050,13.2277,5.14E-06,0.002570842,4.284737333
7/12/2014,H17,49-177,25,100,3.4,0.418,78.6,4160,13.6897,5.32E-06,0.002660633,4.434389098
7/12/2014,H17,49-177,25,50,0.2,0.45,47.8,3550,11.1277,4.33E-06,0.002162701,3.604502039
7/12/2014,H17,49-177,25,400,20.5,0.456,285,3440,10.6657,4.15E-06,0.00207291,3.454850275
7/12/2014,H17,49-177,25,600,25,0.441,454,2650,7.3477,2.86E-06,0.001428047,2.38007851
7/12/2014,H17,49-177,25,800,26,0.393,634,2040,4.7857,1.86E-06,0.000930115,1.550191451
7/12/2014,H17,49-177,25,1000,25.9,0.334,811,1740,3.5257,1.37E-06,0.00068523,1.142050275
7/12/2014,H17,49-177,25,1200,25.6,0.295,992,1480,2.4337,9.46E-07,0.000472997,0.788327922
7/12/2014,H17,49-177,35,400,17.1,0.299,260,8475,31.8127,1.24E-05,0.006182892,10.30481969
7/12/2014,H17,49-177,35,300,12.4,0.309,201,8850,33.3877,1.30E-05,0.006488998,10.81499616
7/12/2014,H17,49-177,35,200,7.1,0.327,143,8900,33.5977,1.31E-05,0.006529812,10.88301969
7/12/2014,H17,49-177,35,100,1.5,0.343,84.4,8580,32.2537,1.25E-05,0.006268601,10.4476691
7/12/2014,H17,49-177,35,50,-0.9,0.352,54,7275,26.7727,1.04E-05,0.005203353,8.67225498
7/12/2014,H17,49-177,35,400,17.6,0.332,268,8600,32.3377,1.26E-05,0.006284927,10.47487851
7/12/2014,H17,49-177,35,600,23.6,0.269,394,7180,26.3737,1.03E-05,0.005125806,8.543010275
7/12/2014,H17,49-177,35,800,26,0.207,519,6100,21.8377,8.49E-06,0.004244221,7.073702039
7/12/2014,H17,49-177,35,1000,27.2,0.169,649,5300,18.4777,7.18E-06,0.003591195,5.985325569
7/12/2014,H17,49-177,35,1200,26.6,0.093,647,5850,20.7877,8.08E-06,0.004040151,6.733584392
7/13/2014,B11,180-372,25,400,10.1,0.13,249,2850,10.8326,4.21E-06,0.002105348,3.508912784
7/13/2014,B11,180-372,25,300,11.6,0.277,206,2760,10.4816,4.07E-06,0.00203713,3.395216314
7/13/2014,B11,180-372,25,200,6.5,0.24,141,2570,9.7406,3.79E-06,0.001893114,3.155190431
7/13/2014,B11,180-372,25,100,2.4,0.281,80.1,2860,10.8716,4.23E-06,0.002112927,3.521545725
7/13/2014,B11,180-372,25,50,0.1,0.365,48.7,2540,9.6236,3.74E-06,0.001870375,3.117291608
7/13/2014,B11,180-372,25,400,18,0.359,28.1,2520,9.5456,3.71E-06,0.001855215,3.092025725
7/13/2014,B11,180-372,25,600,23.6,0.316,427,2150,8.1026,3.15E-06,0.001574764,2.624606902
7/13/2014,B11,180-372,25,800,26,0.258,576,1740,6.5036,2.53E-06,0.001263994,2.106656314
7/13/2014,B11,180-372,25,1000,26.8,0.234,749,1360,5.0216,1.95E-06,0.000975963,1.626604549
7/13/2014,B11,180-372,25,1200,27,0.213,926,1100,4.0076,1.56E-06,0.000778889,1.298148078
7/13/2014,B11,180-372,35,400,13,0.213,262,6800,26.2376,1.02E-05,0.005099355,8.498924549
7/13/2014,B11,180-372,35,300,8.3,0.184,198,7000,27.0176,1.05E-05,0.00525095,8.751583373
7/13/2014,B11,180-372,35,200,4.8,0.206,143,7325,28.2851,1.10E-05,0.005497292,9.162153961
7/13/2014,B11,180-372,35,100,0.9,0.229,85.7,6675,25.7501,1.00E-05,0.005004608,8.341012784
7/13/2014,B11,180-372,35,50,-0.9,0.236,55.1,5400,20.7776,8.08E-06,0.004038188,6.730312784
7/13/2014,B11,180-372,35,400,9.5,0.129,247,7125,27.5051,1.07E-05,0.005345697,8.909495137
7/13/2014,B11,180-372,35,600,15,0.133,361,6870,26.5106,1.03E-05,0.005152413,8.587355137
7/13/2014,B11,180-372,35,800,18.8,0.114,467,6650,25.6526,9.97E-06,0.004985658,8.309430431
7/13/2014,B11,180-372,35,1000,20.3,0.0968,581,6620,25.5356,9.93E-06,0.004962919,8.271531608
7/13/2014,B11,180-372,35,1200,23.3,0.0944,711,6150,23.7026,9.21E-06,0.00460667,7.677783373
7/14/2014,C3,49-177,25,400,20.5,0.397,272,3840,10.7841,4.19E-06,0.002095922,3.493202588
7/14/2014,C3,49-177,25,300,15.2,0.401,205,4020,11.6121,4.51E-06,0.002256846,3.761409647
7/14/2014,C3,49-177,25,200,9.7,0.439,143,4210,12.4861,4.85E-06,0.00242671,4.044517098
7/14/2014,C3,49-177,25,100,3.4,0.462,79.6,4300,12.9001,5.01E-06,0.002507172,4.178620627
7/14/2014,C3,49-177,25,50,0.2,0.505,47.4,3560,9.4961,3.69E-06,0.001845595,3.075991608
7/14/2014,C3,49-177,25,400,21.9,0.516,586,3650,9.9101,3.85E-06,0.001926057,3.210095137
7/14/2014,C3,49-177,25,600,28.5,0.499,445,2950,6.6901,2.60E-06,0.001300241,2.167067686
7/14/2014,C3,49-177,25,800,31.3,0.478,624,2230,3.3781,1.31E-06,0.000656544,1.094239451
7/14/2014,C3,49-177,25,1000,31.6,0.443,,1700,0.9401,3.65E-07,0.000182711,0.304518667
7/14/2014,C3,49-177,25,1200,31.1,0.413,999,1315,-0.8309,-3.23E-07,-0.000161488,-0.269146431
7/14/2014,C3,49-177,35,400,19,0.38,270,8360,31.5761,1.23E-05,0.006136908,10.22817984
7/14/2014,C3,49-177,35,300,13.7,0.39,206,9075,34.8651,1.36E-05,0.006776135,11.29355788
7/14/2014,C3,49-177,35,200,7.9,0.398,144,9175,35.3251,1.37E-05,0.006865537,11.4425618
7/14/2014,C3,49-177,35,100,1.87,0.406,84.7,9175,35.3251,1.37E-05,0.006865537,11.4425618
7/14/2014,C3,49-177,35,50,0.1,0.405,53.1,7350,26.9301,1.05E-05,0.005233944,8.723240235
7/14/2014,C3,49-177,35,400,18.8,0.376,270,8500,32.2201,1.25E-05,0.006262071,10.43678533
7/14/2014,C3,49-177,35,600,26.4,0.327,398,8050,30.1501,1.17E-05,0.005859761,9.766267686
7/14/2014,C3,49-177,35,800,30.4,0.259,524,7350,26.9301,1.05E-05,0.005233944,8.723240235
7/14/2014,C3,49-177,35,1000,32.1,0.205,648,6870,24.7221,9.61E-06,0.004804813,8.008021412
7/14/2014,C3,49-177,35,1200,33.1,0.17,776,6400,22.5601,8.77E-06,0.004384622,7.30770298
7/15/2014,E14,180-372,25,400,11.5,0.355,319,1700,0.4424,1.72E-07,8.60E-05,0.143302902
7/15/2014,E14,180-372,25,300,9,0.399,240,1910,1.3874,5.39E-07,0.000269645,0.449408784
7/15/2014,E14,180-372,25,200,5.6,0.422,163,1970,1.6574,6.44E-07,0.000322121,0.536867608
7/15/2014,E14,180-372,25,100,1.7,0.41,88.8,1950,1.5674,6.09E-07,0.000304629,0.507714667
7/15/2014,E14,180-372,25,50,-0.1,0.412,49.4,1730,0.5774,2.24E-07,0.000112219,0.187032314
7/15/2014,E14,180-372,25,400,10.7,0.355,324,1800,0.8924,3.47E-07,0.000173441,0.289067608
7/15/2014,E14,180-372,25,600,14.3,0.322,489,1785,0.8249,3.21E-07,0.000160322,0.267202902
7/15/2014,E14,180-372,25,800,18,0.319,659,1575,-0.1201,-4.67E-08,-2.33E-05,-0.03890298
7/15/2014,E14,180-372,25,1000,19.9,0.316,840,1330,-1.2226,-4.75E-07,-0.000237616,-0.39602651
7/15/2014,E14,180-372,25,1200,20.8,0.311,1030,1150,-2.0326,-7.90E-07,-0.000395042,-0.65840298
7/15/2014,E14,180-372,35,400,7,0.231,317,4260,11.9624,4.65E-06,0.002324928,3.874879373
7/15/2014,E14,180-372,35,300,4.7,0.226,242,4575,13.3799,5.20E-06,0.002600423,4.334038196
7/15/2014,E14,180-372,35,200,2.4,0.229,167,4580,13.4024,5.21E-06,0.002604796,4.341326431
7/15/2014,E14,180-372,35,100,0.2,0.23,92.3,4280,12.0524,4.68E-06,0.002342419,3.904032314
7/15/2014,E14,180-372,35,50,-0.9,0.238,55,3800,9.8924,3.85E-06,0.001922617,3.204361725
7/15/2014,E14,180-372,35,400,6.1,,,4400,12.5924,4.89E-06,0.00244737,4.078949961
7/15/2014,E14,180-372,35,600,9.5,0.208,479,4400,12.5924,4.89E-06,0.00244737,4.078949961
7/15/2014,E14,180-372,35,800,12.2,0.203,642,4320,12.2324,4.75E-06,0.002377403,3.962338196
7/15/2014,E14,180-372,35,1000,14.3,0.197,810,4180,11.6024,4.51E-06,0.002254961,3.758267608
7/15/2014,E14,180-372,35,1200,16,0.193,979,4120,11.3324,4.40E-06,0.002202485,3.670808784
7/16/2014,G7,49-177,25,400,9.7,0.107,229,1550,0.788,3.06E-07,0.00015315,0.255250196
7/16/2014,G7,49-177,25,300,7.9,0.141,188,1660,1.206,4.69E-07,0.00023439,0.390649412
7/16/2014,G7,49-177,25,200,5.1,0.167,136,1700,1.358,5.28E-07,0.000263931,0.43988549
7/16/2014,G7,49-177,25,100,1.7,0.208,80.3,1630,1.092,4.24E-07,0.000212233,0.353722353
7/16/2014,G7,49-177,25,50,0,0.26,49.3,1325,-0.067,-2.60E-08,-1.30E-05,-0.021702745
7/16/2014,G7,49-177,25,400,12.2,0.269,296,1380,0.142,5.52E-08,2.76E-05,0.045996863
7/16/2014,G7,49-177,25,600,15.3,0.241,456,1130,-0.808,-3.14E-07,-0.000157037,-0.261728627
7/16/2014,G7,49-177,25,800,16,0.185,614,900,-1.682,-6.54E-07,-0.000326902,-0.544836078
7/16/2014,G7,49-177,25,1000,16.4,0.136,750,805,-2.043,-7.94E-07,-0.000397063,-0.661771765
7/16/2014,G7,49-177,25,1200,16.5,0.102,877,730,-2.328,-9.05E-07,-0.000452454,-0.754089412
7/16/2014,G7,49-177,35,400,8.6,0.119,246,3800,9.338,3.63E-06,0.001814868,3.024779608
7/16/2014,G7,49-177,35,300,6.4,0.143,200,4080,10.402,4.04E-06,0.002021659,3.369432157
7/16/2014,G7,49-177,35,200,3.3,0.142,145,4200,10.858,4.22E-06,0.002110284,3.517140392
7/16/2014,G7,49-177,35,100,0.4,0.154,87.5,3570,8.464,3.29E-06,0.001645003,2.741672157
7/16/2014,G7,49-177,35,50,-0.7,0.149,57,3030,6.412,2.49E-06,0.001246191,2.076985098
7/16/2014,G7,49-177,35,400,7,0.078,224,4660,12.606,4.90E-06,0.002450013,4.083355294
7/16/2014,G7,49-177,35,600,9.7,0.0617,299,4760,12.986,5.05E-06,0.002523867,4.20644549
7/16/2014,G7,49-177,35,800,12.2,0.054,370,4700,12.758,4.96E-06,0.002479555,4.132591373
7/16/2014,G7,49-177,35,1000,13.7,0.045,440,4725,12.853,5.00E-06,0.002498018,4.163363922
7/16/2014,G7,49-177,35,1200,15,0.04,513,4500,11.998,4.66E-06,0.002331847,3.88641098
7/17/2014,F19,180-372,25,400,7.9,0.236,321,1510,0.9559,3.72E-07,0.000185782,0.309636627
7/17/2014,F19,180-372,25,300,8.2,0.308,286,1640,1.4759,5.74E-07,0.000286846,0.478075843
7/17/2014,F19,180-372,25,200,4.4,0.282,161,1750,1.9159,7.45E-07,0.000372361,0.620601333
7/17/2014,F19,180-372,25,100,1.3,0.301,86.5,1700,1.7159,6.67E-07,0.00033349,0.55581702
7/17/2014,F19,180-372,25,50,-0.1,0.337,49.1,1510,0.9559,3.72E-07,0.000185782,0.309636627
7/17/2014,F19,180-372,25,400,9.7,0.271,315,1450,0.7159,2.78E-07,0.000139137,0.231895451
7/17/2014,F19,180-372,25,600,13.5,0.261,477,1300,0.1159,4.51E-08,2.25E-05,0.03754251
7/17/2014,F19,180-372,25,800,16.8,0.262,650,1110,-0.6441,-2.50E-07,-0.000125183,-0.208637882
7/17/2014,F19,180-372,25,1000,18,0.248,824,950,-1.2841,-4.99E-07,-0.000249569,-0.415947686
7/17/2014,F19,180-372,25,1200,18.8,0.239,101,850,-1.6841,-6.55E-07,-0.00032731,-0.545516314
7/17/2014,F19,180-372,35,400,6.4,0.19,312,3810,10.1559,3.95E-06,0.001973829,3.289715059
7/17/2014,F19,180-372,35,300,4.5,0.194,237,3850,10.3159,4.01E-06,0.002004926,3.34154251
7/17/2014,F19,180-372,35,200,2.2,0.187,166,3900,10.5159,4.09E-06,0.002043796,3.406326824
7/17/2014,F19,180-372,35,100,0.1,0.196,91.4,3700,9.7159,3.78E-06,0.001888314,3.147189569
7/17/2014,F19,180-372,35,50,-0.8,0.193,55.1,3300,8.1159,3.15E-06,0.001577349,2.628915059
7/17/2014,F19,180-372,35,400,5.3,0.168,316,4275,12.0159,4.67E-06,0.002335326,3.892209176
7/17/2014,F19,180-372,35,600,8.4,0.166,466,4250,11.9159,4.63E-06,0.00231589,3.85981702
7/17/2014,F19,180-372,35,800,11,0.16,624,4100,11.3159,4.40E-06,0.002199278,3.665464078
7/17/2014,F19,180-372,35,1000,12.5,0.156,787,4000,10.9159,4.24E-06,0.002121537,3.535895451
7/17/2014,F19,180-372,35,1200,14.8,0.157,949,3450,8.7159,3.39E-06,0.001693961,2.823268
7/18/2014,D10,49-177,25,400,9.5,0.115,239,1420,1.9299,7.50E-07,0.000375082,0.625136235
7/18/2014,D10,49-177,25,300,7.9,0.164,202,1500,2.2419,8.71E-07,0.00043572,0.726199765
7/18/2014,D10,49-177,25,200,5,0.195,146,1550,2.4369,9.47E-07,0.000473619,0.789364471
7/18/2014,D10,49-177,25,100,1.7,0.229,83.5,1540,2.3979,9.32E-07,0.000466039,0.776731529
7/18/2014,D10,49-177,25,50,0,0.262,48,1350,1.6569,6.44E-07,0.000322023,0.536705647
7/18/2014,D10,49-177,25,400,11.5,0.279,305,1330,1.5789,6.14E-07,0.000306864,0.511439765
7/18/2014,D10,49-177,25,600,14.3,0.286,480,1060,0.5259,2.04E-07,0.00010221,0.170350353
7/18/2014,D10,49-177,25,800,15.2,0.274,666,885,-0.1566,-6.09E-08,-3.04E-05,-0.050726118
7/18/2014,D10,49-177,25,1000,15.2,0.234,843,720,-0.8001,-3.11E-07,-0.000155502,-0.259169647
7/18/2014,D10,49-177,25,1200,15.2,0.169,996,655,-1.0536,-4.10E-07,-0.00020477,-0.341283765
7/18/2014,D10,49-177,35,400,10.1,0.21,287,3300,9.2619,3.60E-06,0.001800078,3.000129176
7/18/2014,D10,49-177,35,300,7.6,0.241,222,3450,9.8469,3.83E-06,0.001913774,3.189623294
7/18/2014,D10,49-177,35,200,4.2,0.266,156,3470,9.9249,3.86E-06,0.001928934,3.214889176
7/18/2014,D10,49-177,35,100,0.7,0.295,88.2,3150,8.6769,3.37E-06,0.001686381,2.810635059
7/18/2014,D10,49-177,35,50,-0.7,0.313,53.4,2600,6.5319,2.54E-06,0.001269494,2.115823294
7/18/2014,D10,49-177,35,400,10.9,0.279,298,3550,10.2369,3.98E-06,0.001989572,3.315952706
7/18/2014,D10,49-177,35,600,14.7,0.224,437,3250,9.0669,3.52E-06,0.001762179,2.936964471
7/18/2014,D10,49-177,35,800,15.9,0.122,519,3350,9.4569,3.68E-06,0.001837976,3.063293882
7/18/2014,D10,49-177,35,1000,16.4,0.061,592,3380,9.5739,3.72E-06,0.001860716,3.101192706
7/18/2014,D10,49-177,35,1200,17.7,0.07,729,2880,7.6239,2.96E-06,0.001481727,2.469545647
7/19/2014,F3,180-372,25,400,7.5,0.233,326,1460,1.7403,6.76E-07,0.000338232,0.563720706
7/19/2014,F3,180-372,25,300,6.3,0.264,244,1570,2.1803,8.47E-07,0.000423748,0.706246196
7/19/2014,F3,180-372,25,200,4.2,0.288,165,1575,2.2003,8.55E-07,0.000427635,0.712724627
7/19/2014,F3,180-372,25,100,1.2,0.299,90,1560,2.1403,8.32E-07,0.000415974,0.693289333
7/19/2014,F3,180-372,25,50,-0.2,0.325,50,1430,1.6203,6.30E-07,0.00031491,0.524850118
7/19/2014,F3,180-372,25,400,9.1,0.279,324,1520,1.9803,7.70E-07,0.000384877,0.641461882
7/19/2014,F3,180-372,25,600,13.1,0.271,487,1420,1.5803,6.14E-07,0.000307136,0.511893255
7/19/2014,F3,180-372,25,800,15,0.258,663,1205,0.7203,2.80E-07,0.000139992,0.233320706
7/19/2014,F3,180-372,25,1000,16.3,0.246,845,1055,0.1203,4.68E-08,2.34E-05,0.038967765
7/19/2014,F3,180-372,25,1200,16.9,0.243,1030,955,-0.2797,-1.09E-07,-5.44E-05,-0.090600863
7/19/2014,F3,180-372,35,400,6.7,0.216,319,3600,10.3003,4.00E-06,0.002001894,3.336489333
7/19/2014,F3,180-372,35,300,4.4,0.211,244,3660,10.5403,4.10E-06,0.002048538,3.41423051
7/19/2014,F3,180-372,35,200,2.1,0.21,169,3560,10.1403,3.94E-06,0.001970797,3.284661882
7/19/2014,F3,180-372,35,100,0.1,0.228,93.2,3330,9.2203,3.58E-06,0.001791992,2.986654039
7/19/2014,F3,180-372,35,50,-1,0.225,55,2960,7.7403,3.01E-06,0.00150435,2.507250118
7/19/2014,F3,180-372,35,400,5.4,0.186,323,3830,11.2203,4.36E-06,0.002180698,3.634497176
7/19/2014,F3,180-372,35,600,8.4,0.18,478,3830,11.2203,4.36E-06,0.002180698,3.634497176
7/19/2014,F3,180-372,35,800,11,0.173,636,3810,11.1403,4.33E-06,0.00216515,3.608583451
7/19/2014,F3,180-372,35,1000,12.7,0.167,801,3620,10.3803,4.03E-06,0.002017442,3.362403059
7/19/2014,F3,180-372,35,1200,14.1,0.164,972,3440,9.6603,3.76E-06,0.001877508,3.129179529
7/20/2014,D14,49-177,25,400,20.3,0.294,245,2900,7.5003,2.92E-06,0.001457705,2.429508941
7/20/2014,D14,49-177,25,300,15.9,0.337,190,3040,6.9936,2.72E-06,0.001359227,2.265377882
7/20/2014,D14,49-177,25,200,10.5,0.416,136,3150,7.4556,2.90E-06,0.001449018,2.415029647
7/20/2014,D14,49-177,25,100,3.8,0.48,77.7,3240,7.8336,3.04E-06,0.001522483,2.537472
7/20/2014,D14,49-177,25,50,0.2,0.532,47.1,2940,6.5736,2.56E-06,0.001277598,2.129330824
7/20/2014,D14,49-177,25,400,23.2,0.548,284,2620,5.2296,2.03E-06,0.001016388,1.693980235
7/20/2014,D14,49-177,25,600,28.9,0.539,449,2020,2.7096,1.05E-06,0.000526619,0.877697882
7/20/2014,D14,49-177,25,800,30.2,0.482,627,1400,0.1056,4.10E-08,2.05E-05,0.034206118
7/20/2014,D14,49-177,25,1000,30.3,0.415,804,1050,-1.3644,-5.30E-07,-0.000265175,-0.441958588
7/20/2014,D14,49-177,25,1200,29.7,0.359,982,850,-2.2044,-8.57E-07,-0.000428432,-0.714052706
7/20/2014,D14,49-177,35,400,20,0.374,261,5830,18.7116,7.27E-06,0.003636654,6.061090824
7/20/2014,D14,49-177,35,300,1405,0.368,198,6400,21.1056,8.20E-06,0.004101935,6.836559059
7/20/2014,D14,49-177,35,200,803,0.358,138,6700,22.3656,8.69E-06,0.00434682,7.244700235
7/20/2014,D14,49-177,35,100,2.1,0.355,81,6550,21.7356,8.45E-06,0.004224378,7.040629647
7/20/2014,D14,49-177,35,50,-0.9,0.338,52.7,6650,22.1556,8.61E-06,0.004306006,7.176676706
7/20/2014,D14,49-177,35,400,13.4,0.162,223,8000,27.8256,1.08E-05,0.005407987,9.013312
7/20/2014,D14,49-177,35,600,17.7,0.126,310,8150,28.4556,1.11E-05,0.00553043,9.217382588
7/20/2014,D14,49-177,35,800,19.5,0.0938,390,8250,28.8756,1.12E-05,0.005612058,9.353429647
7/20/2014,D14,49-177,35,1000,23.1,0.088,484,8075,28.1406,1.09E-05,0.005469208,9.115347294
7/20/2014,D14,49-177,35,1200,25.8,0.081,587,7750,26.7756,1.04E-05,0.005203917,8.673194353
7/21/2014,E13,180-372,25,400,8.2,0.283,328,1710,2.7403,1.07E-06,0.000532585,0.887642275
7/21/2014,E13,180-372,25,300,6.9,0.34,249,1820,1.8696,7.27E-07,0.000363362,0.605603765
7/21/2014,E13,180-372,25,200,4.4,0.374,169,1830,1.9116,7.43E-07,0.000371525,0.619208471
7/21/2014,E13,180-372,25,100,1.3,0.396,89.8,1770,1.6596,6.45E-07,0.000322548,0.537580235
7/21/2014,E13,180-372,25,50,-0.2,0.422,49.7,1600,0.9456,3.68E-07,0.00018378,0.306300235
7/21/2014,E13,180-372,25,400,9.6,0.346,331,1750,1.5756,6.12E-07,0.000306222,0.510370824
7/21/2014,E13,180-372,25,600,13.3,0.323,497,1620,1.0296,4.00E-07,0.000200106,0.333509647
7/21/2014,E13,180-372,25,800,15.7,0.303,671,1410,0.1476,5.74E-08,2.87E-05,0.047810824
7/21/2014,E13,180-372,25,1000,17.1,0.29,853,1270,-0.4404,-1.71E-07,-8.56E-05,-0.142655059
7/21/2014,E13,180-372,25,1200,18.6,0.289,1040,1080,-1.2384,-4.81E-07,-0.000240687,-0.401144471
7/21/2014,E13,180-372,35,400,7,0.253,322,4300,12.2856,4.78E-06,0.002387742,3.979570824
7/21/2014,E13,180-372,35,300,5,0.26,244,4300,12.2856,4.78E-06,0.002387742,3.979570824
7/21/2014,E13,180-372,35,200,2.5,0.253,170,4200,11.8656,4.61E-06,0.002306114,3.843523765
7/21/2014,E13,180-372,35,100,0.2,0.286,92.1,3825,10.2906,4.00E-06,0.002000008,3.333347294
7/21/2014,E13,180-372,35,50,-1,0.29,55,3440,8.6736,3.37E-06,0.00168574,2.809566118
7/21/2014,E13,180-372,35,400,6.4,0.225,322,4450,12.9156,5.02E-06,0.002510185,4.183641412
7/21/2014,E13,180-372,35,600,9.6,0.214,479,4470,12.9996,5.05E-06,0.00252651,4.210850824
7/21/2014,E13,180-372,35,800,11.3,0.211,636,4160,11.6976,4.55E-06,0.002273463,3.789104941
7/21/2014,E13,180-372,35,1000,14.4,0.2,804,4075,11.3406,4.41E-06,0.002204079,3.673464941
7/21/2014,E13,180-372,35,1200,16.5,0.196,970,3920,10.6896,4.16E-06,0.002077555,3.462592
10/1/2014,A12,49-177,25,400,13.1,0.208,266,1430,8.678,3.37319E-06,0.001686595,2.810991373
10/1/2014,A12,49-177,25,300,9.7,0.227,206,1550,9.41,3.65772E-06,0.001828861,3.048101961
10/1/2014,A12,49-177,25,200,5.9,0.25,147,1620,9.837,3.8237E-06,0.00191185,3.186416471
10/1/2014,A12,49-177,25,100,1.8,0.279,83.7,1620,9.837,3.8237E-06,0.00191185,3.186416471
10/1/2014,A12,49-177,25,50,-0.2,0.308,50.9,1460,8.861,3.44432E-06,0.001722161,2.87026902
10/1/2014,A12,49-177,25,400,14.6,0.314,291,1680,10.203,3.96597E-06,0.001982983,3.304971765
10/1/2014,A12,49-177,25,600,21.1,0.31,439,1520,9.227,3.58659E-06,0.001793295,2.988824314
10/1/2014,A12,49-177,25,800,24.6,0.306,608,1230,7.458,2.89897E-06,0.001449484,2.415807059
10/1/2014,A12,49-177,25,1000,26,0.3,789,950,5.75,2.23506E-06,0.001117529,1.86254902
10/1/2014,A12,49-177,25,1200,26.6,0.295,977,800,4.835,1.87939E-06,0.000939696,1.566160784
10/1/2014,A12,49-177,35,400,12.8,0.231,264,4280,26.063,1.01308E-05,0.005065421,8.442367843
10/1/2014,A12,49-177,35,300,8.8,0.232,206,4350,26.49,1.02968E-05,0.005148409,8.580682353
10/1/2014,A12,49-177,35,200,4.6,0.231,147,4280,26.063,1.01308E-05,0.005065421,8.442367843
10/1/2014,A12,49-177,35,100,0.5,0.232,88,3640,22.159,8.61333E-06,0.004306667,7.177778039
10/1/2014,A12,49-177,35,50,-1.1,0.233,55.4,2940,17.889,6.95356E-06,0.00347678,5.794632941
10/1/2014,A12,49-177,35,400,12.3,0.22,266,4390,26.734,1.03917E-05,0.005195832,8.659719216
10/1/2014,A12,49-177,35,600,19,0.212,390,4210,25.636,9.96486E-06,0.004982432,8.304053333
10/1/2014,A12,49-177,35,800,23.7,0.201,524,3840,23.379,9.08755E-06,0.004543777,7.572962353
10/1/2014,A12,49-177,35,1000,26.6,0.194,676,3280,19.963,7.75974E-06,0.003879868,6.466446275
10/1/2014,A12,49-177,35,1200,28,0.186,836,2720,16.547,6.43192E-06,0.003215958,5.359930196
10/5/2014,D11,49-177,25,400,8.2,0.171,296,600,4.7403,1.84258E-06,0.000921291,1.535485412
10/5/2014,D11,49-177,25,300,5.9,0.179,226,620,4.8763,1.89545E-06,0.000947723,1.579538745
10/5/2014,D11,49-177,25,200,3.45,0.188,158,635,4.9783,1.93509E-06,0.000967547,1.612578745
10/5/2014,D11,49-177,25,100,0.7,0.189,88.9,635,4.9783,1.93509E-06,0.000967547,1.612578745
10/5/2014,D11,49-177,25,50,-0.4,0.19,52,590,4.6723,1.81615E-06,0.000908075,1.513458745
10/5/2014,D11,49-177,25,400,8.45,0.191,303,630,4.9443,1.92188E-06,0.000960939,1.601565412
10/5/2014,D11,49-177,25,600,12.7,0.191,453,605,4.7743,1.8558E-06,0.000927899,1.546498745
10/5/2014,D11,49-177,25,800,15.7,0.19,614,580,4.6043,1.78972E-06,0.000894859,1.491432078
10/5/2014,D11,49-177,25,1000,17.6,0.19,787,545,4.3663,1.69721E-06,0.000848603,1.414338745
10/5/2014,D11,49-177,25,1200,18.9,0.188,962,525,4.2303,1.64434E-06,0.000822171,1.370285412
10/5/2014,D11,49-177,35,400,7,0.19,302,1930,13.7843,5.35804E-06,0.002679019,4.465032078
10/5/2014,D11,49-177,35,300,4.35,0.189,234,1980,14.1243,5.4902E-06,0.002745099,4.575165412
10/5/2014,D11,49-177,35,200,1.9,0.188,166,1990,14.1923,5.51663E-06,0.002758315,4.597192078
10/5/2014,D11,49-177,35,100,-0.4,0.186,96,1820,13.0363,5.06729E-06,0.002533643,4.222738745
10/5/2014,D11,49-177,35,50,-1.3,0.183,60,1610,11.6083,4.51221E-06,0.002256107,3.760178745
10/5/2014,D11,49-177,35,400,6.5,0.17,299,2320,16.4363,6.38889E-06,0.003194443,5.324072078
10/5/2014,D11,49-177,35,600,10.8,0.162,434,2320,16.4363,6.38889E-06,0.003194443,5.324072078
10/5/2014,D11,49-177,35,800,14.2,0.15,568,2260,16.0283,6.23029E-06,0.003115147,5.191912078
10/5/2014,D11,49-177,35,1000,16.3,0.134,710,2210,15.6883,6.09813E-06,0.003049067,5.081778745
10/5/2014,D11,49-177,35,1200,17.8,0.118,847,2120,15.0763,5.86025E-06,0.002930123,4.883538745
10/6/2014,F13,49-177,25,400,8.4,0.0878,222,1490,10.9791,4.26764E-06,0.00213382,3.556367294
10/6/2014,F13,49-177,25,300,6.9,0.117,186,1570,11.4671,4.45733E-06,0.002228665,3.71444102
10/6/2014,F13,49-177,25,200,4.3,0.136,135,1615,11.7416,4.56403E-06,0.002282014,3.80335749
10/6/2014,F13,49-177,25,100,1.4,0.149,81.3,1600,11.6501,4.52846E-06,0.002264231,3.773718667
10/6/2014,F13,49-177,25,50,-0.2,0.164,51.2,1480,10.9181,4.24393E-06,0.002121965,3.536608078
10/6/2014,F13,49-177,25,400,11.5,0.177,270,1730,12.4431,4.83671E-06,0.002418353,4.030588471
10/6/2014,F13,49-177,25,600,17.2,0.18,406,1675,12.1076,4.7063E-06,0.002353148,3.921912784
10/6/2014,F13,49-177,25,800,21,0.171,552,1510,11.1011,4.31506E-06,0.002157531,3.595885725
10/6/2014,F13,49-177,25,1000,23.2,0.174,728,1340,10.0641,3.91197E-06,0.001955987,3.259979059
10/6/2014,F13,49-177,25,1200,24,0.163,904,1140,8.8441,3.43775E-06,0.001718877,2.864794745
10/6/2014,F13,49-177,35,400,10.5,0.173,264,4430,28.9131,1.12387E-05,0.005619346,9.365576706
10/6/2014,F13,49-177,35,300,7.2,0.18,208,4500,29.3401,1.14047E-05,0.005702335,9.503891216
10/6/2014,F13,49-177,35,200,3.7,0.185,151,4425,28.8826,1.12268E-05,0.005613418,9.355697098
10/6/2014,F13,49-177,35,100,0.3,0.185,89.7,3725,24.6126,9.56706E-06,0.004783531,7.972552
10/6/2014,F13,49-177,35,50,-0.9,0.183,57,3020,20.3121,7.89543E-06,0.003947716,6.579527294
10/6/2014,F13,49-177,35,400,10.3,0.163,260,4720,30.6821,1.19263E-05,0.005963156,9.938593961
10/6/2014,F13,49-177,35,600,15.8,0.14,363,4750,30.8651,1.19974E-05,0.005998723,9.997871608
10/6/2014,F13,49-177,35,800,19.6,0.116,458,4620,30.0721,1.16892E-05,0.005844601,9.741001804
10/6/2014,F13,49-177,35,1000,22.9,0.104,563,4460,29.0961,1.13098E-05,0.005654913,9.424854353
10/6/2014,F13,49-177,35,1200,24.5,0.087,650,4300,28.1201,1.09304E-05,0.005465224,9.108706902
10/7/2014,D14,49-177,25,400,16.5,0.366,292,1450,9.2994,3.61473E-06,0.001807366,3.012276235
10/7/2014,D14,49-177,25,300,11.8,0.397,225,1670,10.5974,4.11927E-06,0.002059636,3.432726431
10/7/2014,D14,49-177,25,200,7.1,0.425,156,1860,11.7184,4.55501E-06,0.002277506,3.79584251
10/7/2014,D14,49-177,25,100,2.2,0.444,87.1,1920,12.0724,4.69261E-06,0.002346306,3.910510745
10/7/2014,D14,49-177,25,50,-0.3,0.487,50.4,1750,11.0694,4.30274E-06,0.00215137,3.585617412
10/7/2014,D14,49-177,25,400,16.6,0.464,305,1870,11.7774,4.57794E-06,0.002288972,3.814953882
10/7/2014,D14,49-177,25,600,23.4,0.44,462,1640,10.4204,4.05047E-06,0.002025235,3.375392314
10/7/2014,D14,49-177,25,800,27,0.41,631,1360,8.7684,3.40833E-06,0.001704164,2.840273882
10/7/2014,D14,49-177,25,1000,28.7,0.391,812,1150,7.5294,2.92672E-06,0.001463361,2.438935059
10/7/2014,D14,49-177,25,1200,29.2,0.376,1000,1010,6.7034,2.60565E-06,0.001302826,2.171375843
10/7/2014,D14,49-177,35,400,13.8,0.303,280,4500,27.2944,1.06095E-05,0.005304747,8.841244863
10/7/2014,D14,49-177,35,300,9.4,0.306,217,4660,28.2384,1.09764E-05,0.005488216,9.147026824
10/7/2014,D14,49-177,35,200,4.8,0.301,154,4650,28.1794,1.09535E-05,0.005476749,9.127915451
10/7/2014,D14,49-177,35,100,0.3,0.296,91.4,3450,21.0994,8.20146E-06,0.00410073,6.834550745
10/7/2014,D14,49-177,35,50,-1.4,0.296,56.1,3625,22.1319,8.6028E-06,0.0043014,7.168999765
10/7/2014,D14,49-177,35,400,12.9,0.271,281,4860,29.4184,1.14351E-05,0.005717553,9.529254275
10/7/2014,D14,49-177,35,600,19.9,0.256,410,4800,29.0644,1.12975E-05,0.005648752,9.414586039
10/7/2014,D14,49-177,35,800,25.5,0.243,545,4600,27.8844,1.08388E-05,0.005419415,9.032358588
10/7/2014,D14,49-177,35,1000,29,0.228,692,4200,25.5244,9.92148E-06,0.004960742,8.267903686
10/7/2014,D14,49-177,35,1200,31.2,0.217,853,3760,22.9284,8.9124E-06,0.004456202,7.427003294
10/8/2014,G7,49-177,25,400,11.6,0.21,281,1060,8.9453,3.47709E-06,0.001738545,2.897575608
10/8/2014,G7,49-177,25,300,8.7,0.228,216,1120,9.3353,3.62869E-06,0.001814343,3.02390502
10/8/2014,G7,49-177,25,200,5.3,0.246,152,1230,10.0503,3.90661E-06,0.001953305,3.255508941
10/8/2014,G7,49-177,25,100,1.7,0.262,85,1160,9.5953,3.72975E-06,0.001864875,3.108124627
10/8/2014,G7,49-177,25,50,-0.1,0.28,50.1,1040,8.8153,3.42656E-06,0.001713279,2.855465804
10/8/2014,G7,49-177,25,400,13,0.291,297,1275,10.3428,4.02031E-06,0.002010154,3.350256
10/8/2014,G7,49-177,25,600,18.7,0.292,451,1100,9.2053,3.57815E-06,0.001789077,2.981795216
10/8/2014,G7,49-177,25,800,21.8,0.285,621,920,8.0353,3.12337E-06,0.001561684,2.60280698
10/8/2014,G7,49-177,25,1000,23.7,0.277,798,755,6.9628,2.70648E-06,0.001353241,2.255401098
10/8/2014,G7,49-177,25,1200,24.4,0.263,979,665,6.3778,2.47909E-06,0.001239544,2.06590698
10/8/2014,G7,49-177,35,400,11.5,0.238,279,4400,30.6553,1.19159E-05,0.005957948,9.929912863
10/8/2014,G7,49-177,35,300,7.6,0.222,214,4480,31.1753,1.2118E-05,0.006059011,10.09835208
10/8/2014,G7,49-177,35,200,3.9,0.213,152,4240,29.6153,1.15116E-05,0.005755821,9.593034431
10/8/2014,G7,49-177,35,100,0.4,0.218,89.3,3580,25.3253,9.84409E-06,0.004922047,8.203410902
10/8/2014,G7,49-177,35,50,-1,0.221,55.6,2930,21.1003,8.20181E-06,0.004100905,6.834842275
10/8/2014,G7,49-177,35,400,10,0.172,268,4450,30.9803,1.20422E-05,0.006021112,10.03518737
10/8/2014,G7,49-177,35,600,15.2,0.155,384,4570,31.7603,1.23454E-05,0.006172708,10.2878462
10/8/2014,G7,49-177,35,800,19.6,0.146,506,4460,31.0453,1.20675E-05,0.006033745,10.05624227
10/8/2014,G7,49-177,35,1000,25.5,0.138,632,4275,29.8428,1.16001E-05,0.005800036,9.666726588
10/8/2014,G7,49-177,35,1200,26.2,0.13,760,3940,27.6653,1.07537E-05,0.005376832,8.961387373
10/9/2014,H17,49-177,25,400,8.8,0.146,278,705,3.1045,1.20674E-06,0.000603369,1.00561451
10/9/2014,H17,49-177,25,300,6.6,0.16,213,770,3.5465,1.37855E-06,0.000689273,1.148787843
10/9/2014,H17,49-177,25,200,4.2,0.176,150,820,3.8865,1.51071E-06,0.000755353,1.258921176
10/9/2014,H17,49-177,25,100,1.2,0.188,85.3,880,4.2945,1.6693E-06,0.000834649,1.391081176
10/9/2014,H17,49-177,25,50,-0.1,0.199,50.3,820,3.8865,1.51071E-06,0.000755353,1.258921176
10/9/2014,H17,49-177,25,400,10.3,0.2,291,930,4.6345,1.80146E-06,0.000900729,1.50121451
10/9/2014,H17,49-177,25,600,14.2,0.19,441,800,3.7505,1.45784E-06,0.000728921,1.214867843
10/9/2014,H17,49-177,25,800,16,0.174,604,800,3.7505,1.45784E-06,0.000728921,1.214867843
10/9/2014,H17,49-177,25,1000,16.5,0.151,770,730,3.2745,1.27282E-06,0.000636409,1.060681176
10/9/2014,H17,49-177,25,1200,16.9,0.137,945,680,2.9345,1.14066E-06,0.000570329,0.950547843
10/9/2014,H17,49-177,35,400,7.8,0.133,269,3160,19.7985,7.69579E-06,0.003847897,6.413161176
10/9/2014,H17,49-177,35,300,5.25,0.129,210,3220,20.2065,7.85439E-06,0.003927193,6.545321176
10/9/2014,H17,49-177,35,200,2.9,0.138,151,3140,19.6625,7.64293E-06,0.003821465,6.369107843
10/9/2014,H17,49-177,35,100,0.25,0.159,91,2720,16.8065,6.53279E-06,0.003266393,5.443987843
10/9/2014,H17,49-177,35,50,-0.8,0.167,57.9,2300,13.9505,5.42264E-06,0.002711321,4.518867843
10/9/2014,H17,49-177,35,400,7.8,0.133,272,3380,21.2945,8.2773E-06,0.004138649,6.897747843
10/9/2014,H17,49-177,35,600,11.5,0.114,386,3375,21.2605,8.26408E-06,0.004132041,6.88673451
10/9/2014,H17,49-177,35,800,14.6,0.102,500,3300,20.7505,8.06584E-06,0.004032921,6.72153451
10/9/2014,H17,49-177,35,1000,16.8,0.09,631,3140,19.6625,7.64293E-06,0.003821465,6.369107843
10/9/2014,H17,49-177,35,1200,18.4,0.088,770,2840,17.6225,6.84997E-06,0.003424985,5.708307843
10/10/2014,D10,49-177,25,400,9.5,0.252,312,470,2.2393,8.70429E-07,0.000435215,0.725357569
10/10/2014,D10,49-177,25,300,6.7,0.259,239,485,2.3473,9.12409E-07,0.000456205,0.760341098
10/10/2014,D10,49-177,25,200,3.8,0.266,165,515,2.5633,9.9637E-07,0.000498185,0.830308157
10/10/2014,D10,49-177,25,100,0.9,0.296,90,820,4.7593,1.84997E-06,0.000924984,1.541639922
10/10/2014,D10,49-177,25,50,-0.4,0.307,51.7,845,4.9393,1.91993E-06,0.000959967,1.599945804
10/10/2014,D10,49-177,25,400,9.3,0.318,328,870,5.1193,1.9899E-06,0.000994951,1.658251686
10/10/2014,D10,49-177,25,600,13.5,0.327,499,820,4.7593,1.84997E-06,0.000924984,1.541639922
10/10/2014,D10,49-177,25,800,16.1,0.33,676,745,4.2193,1.64007E-06,0.000820033,1.366722275
10/10/2014,D10,49-177,25,1000,17.7,0.328,862,690,3.8233,1.48614E-06,0.00074307,1.238449333
10/10/2014,D10,49-177,25,1200,18.5,0.33,1050,650,3.5353,1.37419E-06,0.000687096,1.145159922
10/10/2014,D10,49-177,35,400,7.6,0.225,309,1770,11.5993,4.50872E-06,0.002254358,3.757263451
10/10/2014,D10,49-177,35,300,5.2,0.223,237,1840,12.1033,4.70462E-06,0.002352312,3.920519922
10/10/2014,D10,49-177,35,200,2.3,0.222,166,1850,12.1753,4.73261E-06,0.002366305,3.943842275
10/10/2014,D10,49-177,35,100,-0.2,0.214,95.3,1710,11.1673,4.3408E-06,0.002170398,3.617329333
10/10/2014,D10,49-177,35,50,-1.14,0.204,57.6,1470,9.4393,3.66911E-06,0.001834556,3.057592863
10/10/2014,D10,49-177,35,400,7.1,0.185,304,2000,13.2553,5.15241E-06,0.002576207,4.293677569
10/10/2014,D10,49-177,35,600,11.3,0.174,443,1970,13.0393,5.06845E-06,0.002534226,4.22371051
10/10/2014,D10,49-177,35,800,14.8,0.162,584,1910,12.6073,4.90053E-06,0.002450266,4.083776392
10/10/2014,D10,49-177,35,1000,17.1,0.145,726,1820,11.9593,4.64865E-06,0.002324325,3.873875216
10/10/2014,D10,49-177,35,1200,-0.5,0.0574,1130,1260,7.9273,3.08139E-06,0.001540694,2.567823451
10/14/2014,H15,49-177,25,400,15.2,0.214,251,1750,12.0566,4.68647E-06,0.002343236,3.905392784
10/14/2014,H15,49-177,25,300,12.7,0.273,197,1820,12.4766,4.84973E-06,0.002424864,4.041439843
10/14/2014,H15,49-177,25,200,8.2,0.317,140,1910,13.0166,5.05963E-06,0.002529814,4.21635749
10/14/2014,H15,49-177,25,100,2.7,0.356,80,2000,13.5566,5.26953E-06,0.002634765,4.391275137
10/14/2014,H15,49-177,25,50,-0.1,0.403,49.7,1800,12.3566,4.80308E-06,0.002401542,4.002569255
10/14/2014,H15,49-177,25,400,17.5,0.274,259,2020,13.6766,5.31617E-06,0.002658087,4.430145725
10/14/2014,H15,49-177,25,600,25.5,0.267,390,2380,15.8366,6.15578E-06,0.00307789,5.129816314
10/14/2014,H15,49-177,25,800,30.7,0.263,542,2200,14.7566,5.73598E-06,0.002867989,4.77998102
10/14/2014,H15,49-177,25,1000,33.2,0.241,699,1900,12.9566,5.03631E-06,0.002518153,4.196922196
10/14/2014,H15,49-177,25,1200,34.1,0.22,867,1560,10.9166,4.24335E-06,0.002121673,3.536122196
10/14/2014,H15,49-177,35,400,15.6,0.231,243,5875,36.8066,1.43069E-05,0.007153471,11.92245161
10/14/2014,H15,49-177,35,300,9.6,0.184,183,5950,37.2566,1.44819E-05,0.00724093,12.06821631
10/14/2014,H15,49-177,35,200,4.5,0.154,133,5150,32.4566,1.26161E-05,0.006308036,10.51339278
10/14/2014,H15,49-177,35,100,0.6,0.149,85,4250,27.0566,1.05171E-05,0.00525853,8.764216314
10/14/2014,H15,49-177,35,50,-0.9,0.15,58,5775,36.2066,1.40737E-05,0.007036859,11.72809867
10/14/2014,H15,49-177,35,400,10.6,0.13,230,5950,37.2566,1.44819E-05,0.00724093,12.06821631
10/14/2014,H15,49-177,35,600,16,0.121,331,5950,37.2566,1.44819E-05,0.00724093,12.06821631
10/14/2014,H15,49-177,35,800,21.1,0.115,430,5925,37.1066,1.44236E-05,0.007211777,12.01962808
10/14/2014,H15,49-177,35,1000,25.7,0.112,536,5850,36.6566,1.42486E-05,0.007124318,11.87386337
10/14/2014,H15,49-177,35,1200,29.6,0.107,645,5650,35.4566,1.37822E-05,0.006891094,11.48515749
10/15/2014,C10,49-177,25,400,11.5,0.187,277,2440,15.7264,6.11294E-06,0.003056472,5.094120157
10/15/2014,C10,49-177,25,300,9.3,234,216,2660,17.0464,6.62604E-06,0.003313018,5.521696627
10/15/2014,C10,49-177,25,200,5.8,0.267,153,2820,18.0064,6.99919E-06,0.003499597,5.832661333
10/15/2014,C10,49-177,25,100,1.7,0.296,86.2,2920,18.6064,7.23242E-06,0.003616209,6.027014275
10/15/2014,C10,49-177,25,50,-0.1,0.369,51.7,3170,20.1064,7.81548E-06,0.003907738,6.512896627
10/15/2014,C10,49-177,25,400,16.1,0.33,287,2600,16.6864,6.4861E-06,0.003243051,5.405084863
10/15/2014,C10,49-177,25,600,24,0.313,426,2460,15.8464,6.15959E-06,0.003079794,5.132990745
10/15/2014,C10,49-177,25,800,30,0.295,571,2250,14.5864,5.66982E-06,0.00283491,4.724849569
10/15/2014,C10,49-177,25,1000,34,0.276,278,1900,12.4864,4.85354E-06,0.002426769,4.044614275
10/15/2014,C10,49-177,25,1200,36.6,0.258,890,1500,10.0864,3.92064E-06,0.001960322,3.26720251
10/15/2014,C10,49-177,35,400,13.4,0.18,239,6100,37.6864,1.46489E-05,0.007324463,12.2074378
10/15/2014,C10,49-177,35,300,9.08,0.179,187,6290,38.8264,1.50921E-05,0.007546025,12.57670839
10/15/2014,C10,49-177,35,200,4.8,0.173,138,6300,38.8864,1.51154E-05,0.007557686,12.59614369
10/15/2014,C10,49-177,35,100,0.5,0.164,86.1,5700,35.2864,1.3716E-05,0.006858016,11.43002604
10/15/2014,C10,49-177,35,50,-1.2,0.154,61.1,4850,30.1864,1.17336E-05,0.005866816,9.778026039
10/15/2014,C10,49-177,35,400,11.2,0.136,230,6250,38.5864,1.49988E-05,0.00749938,12.49896722
10/15/2014,C10,49-177,35,600,17.5,0.13,326,6300,38.8864,1.51154E-05,0.007557686,12.59614369
10/15/2014,C10,49-177,35,800,23,0.125,425,6150,37.9864,1.47655E-05,0.007382769,12.30461427
10/15/2014,C10,49-177,35,1000,28.1,0.119,523,5800,35.8864,1.39493E-05,0.006974627,11.62437898
10/15/2014,C10,49-177,35,1200,32.1,0.115,639,5400,33.4864,1.30164E-05,0.00650818,10.84696722
10/16/2014,C3,49-177,25,400,16.7,0.486,308,1150,7.9097,3.07455E-06,0.001537273,2.562122431
10/16/2014,C3,49-177,25,300,12.1,0.516,235,1270,8.6897,3.37774E-06,0.001688869,2.814781255
10/16/2014,C3,49-177,25,200,7.1,0.551,162,1380,9.4047,3.65566E-06,0.001827831,3.046385176
10/16/2014,C3,49-177,25,100,2.1,0.589,88.9,1380,9.4047,3.65566E-06,0.001827831,3.046385176
10/16/2014,C3,49-177,25,50,-0.2,0.629,50,1260,8.6247,3.35247E-06,0.001676236,2.793726353
10/16/2014,C3,49-177,25,400,17,0.628,319,1860,12.5247,4.86842E-06,0.002434212,4.057020471
10/16/2014,C3,49-177,25,600,24.9,0.65,484,1700,11.4847,4.46417E-06,0.002232085,3.720142039
10/16/2014,C3,49-177,25,800,29.7,0.643,659,1470,9.9897,3.88306E-06,0.001941528,3.235879294
10/16/2014,C3,49-177,25,1000,32.2,0.624,843,1220,8.3647,3.25141E-06,0.001625704,2.709506745
10/16/2014,C3,49-177,25,1200,33.7,0.608,1030,1045,7.2272,2.80926E-06,0.001404628,2.341045961
10/16/2014,C3,49-177,35,400,14.2,0.33,286,4320,28.5147,1.10838E-05,0.005541916,9.236526353
10/16/2014,C3,49-177,35,300,9.6,0.311,218,4450,29.3597,1.14123E-05,0.005706144,9.510240078
10/16/2014,C3,49-177,35,200,4.7,0.296,155,4380,28.9047,1.12354E-05,0.005617713,9.362855765
10/16/2014,C3,49-177,35,100,0.5,0.283,90.3,3900,25.7847,1.00227E-05,0.005011332,8.352220471
10/16/2014,C3,49-177,35,50,-1.2,0.262,57.2,3220,21.3647,8.30458E-06,0.004152292,6.920487137
10/16/2014,C3,49-177,35,400,12.2,0.226,273,4750,31.3097,1.21703E-05,0.006085132,10.14188714
10/16/2014,C3,49-177,35,600,18.8,0.207,391,4775,31.4722,1.22334E-05,0.006116715,10.19452439
10/16/2014,C3,49-177,35,800,24.4,0.191,512,4650,30.6597,1.19176E-05,0.005958803,9.931338118
10/16/2014,C3,49-177,35,1000,28.6,0.175,639,4420,29.1647,1.13365E-05,0.005668245,9.447075373
10/16/2014,C3,49-177,35,1200,2.6,0.047,1040,1180,8.1047,3.15034E-06,0.001575172,2.625287137
10/17/2014,G6,49-177,25,400,14.5,0.182,242,2700,8.0506,3.12932E-06,0.001564658,2.60776298
10/17/2014,G6,49-177,25,300,12,0.242,195,2700,8.0506,3.12932E-06,0.001564658,2.60776298
10/17/2014,G6,49-177,25,200,7.8,0.275,189,2830,8.5186,3.31123E-06,0.001655615,2.759358275
10/17/2014,G6,49-177,25,100,2.6,0.315,80.1,2900,8.7706,3.40918E-06,0.001704592,2.84098651
10/17/2014,G6,49-177,25,50,-0.1,0.344,49.3,2780,8.3386,3.24126E-06,0.001620631,2.701052392
10/17/2014,G6,49-177,25,400,18,0.285,263,2630,7.7986,3.03136E-06,0.001515681,2.526134745
10/17/2014,G6,49-177,25,600,25,0.237,380,2500,7.3306,2.84945E-06,0.001424724,2.374539451
10/17/2014,G6,49-177,25,800,29.8,0.21,509,2190,6.2146,2.41565E-06,0.001207826,2.01304298
10/17/2014,G6,49-177,25,1000,32.7,0.187,649,1840,4.9546,1.92588E-06,0.000962941,1.604901804
10/17/2014,G6,49-177,25,1200,34.2,0.166,791,1570,3.9826,1.54806E-06,0.00077403,1.290050039
10/17/2014,G6,49-177,35,400,14.2,0.195,238,6580,43.2047,1.67939E-05,0.008396961,13.9949342
10/17/2014,G6,49-177,35,300,8.7,0.152,177,6860,45.0247,1.75014E-05,0.008750683,14.58447145
10/17/2014,G6,49-177,35,200,4.5,0.148,130,6720,44.1147,1.71476E-05,0.008573822,14.28970282
10/17/2014,G6,49-177,35,100,0.7,0.142,84,5910,38.8497,1.51011E-05,0.007550553,12.58425576
10/17/2014,G6,49-177,35,50,-1,0.137,60,4800,31.6347,1.22966E-05,0.006148297,10.24716165
10/17/2014,G6,49-177,35,400,9.1,0.09,204,6700,43.9847,1.70971E-05,0.008548556,14.24759302
10/17/2014,G6,49-177,35,600,13.8,0.07,271,6360,41.7747,1.62381E-05,0.008119036,13.53172635
10/17/2014,G6,49-177,35,800,18.4,0.07,343,6160,40.4747,1.57328E-05,0.007866377,13.11062831
10/17/2014,G6,49-177,35,1000,20.7,0.06,415,6140,40.3447,1.56822E-05,0.007841111,13.06851851
10/17/2014,G6,49-177,35,1200,22,0.05,476,4030,26.6297,1.03511E-05,0.005175561,8.625934196
